guide	total_hits	off_target_hits	GC_content_percent	pam_distance_from_BCL11A_start	self_complementarity_score	Source	Efficiency_score	Rank
GTATTATTTCTAATTTATTT	2	0	10.0	-1	5	Custom	-25.41	1
AATTTATTTTGGATGTCAAA	2	0	20.0	-1	1	Custom	-55.21	2
CAAAATAATGAACAATGCTA	2	0	25.0	-1	1	Custom	-70.21	3
CTTTATTTCTCTTTTCGAAA	2	0	25.0	-1	2	Custom	-70.26	4
TTATTTTTATCGAGCACAAACGG	2	0	25.0	83907	0	CHOP	-72.16	5
ACTGATGAAGATATTTTCTC	2	0	30.0	-1	0	Custom	-85.16	6
TGCTTAAAAAAAAGCCATGA	2	0	30.0	-1	1	Custom	-85.21	7
TTGGTGTTGTATTATTTTGCAGG	2	0	30.0	179	0	CHOP	-85.518	8
AGTCGAGGTAAAAGAGATAA	2	0	35.0	-1	0	Custom	-100.16	9
GTCGAGGTAAAAGAGATAAA	2	0	35.0	-1	1	Custom	-100.21	10
TCGAGGTAAAAGAGATAAAG	2	0	35.0	-1	2	Custom	-100.26	11
ATCTACTTAGAAAGCGAACACGG	2	0	35.0	56	0	CHOP	-100.272	12
AAATAAGAATGTCCCCCAATGGG	0	0	35.0	83924	0	CHOP	-102.0	13
TTTTCATCTCGATTGGTGAAGGG	0	0	35.0	83831	0	CHOP	-102.0	14
TGGTTCATCATCTGTAAGAATGG	0	0	35.0	84018	0	CHOP	-102.0	15
AAAATAAGAATGTCCCCCAATGG	0	0	35.0	83923	0	CHOP	-102.0	16
TTTTTCATCTCGATTGGTGAAGG	0	0	35.0	83830	0	CHOP	-102.0	17
GATGCTTTTTTCATCTCGATTGG	0	0	35.0	83824	1	CHOP	-102.05	18
TGTTTATCAACGTCATCTAGAGG	2	0	35.0	83755	1	CHOP	-102.21	19
AACAACTCACATGCAAACCT	2	0	40.0	-1	0	Custom	-115.16	20
CGAGGTAAAAGAGATAAAGG	2	0	40.0	-1	2	Custom	-115.26	21
GATAAACAATCGTCATCCTCTGG	0	0	40.0	83770	0	CHOP	-117.0	22
TTTCATCTCGATTGGTGAAGGGG	0	0	40.0	83832	0	CHOP	-117.0	23
TCTGTAAGAATGGCTTCAAGAGG	0	0	40.0	84028	0	CHOP	-117.0	24
TAGCAGGTAAATGAGAAGCAAGG	2	0	40.0	83709	0	CHOP	-117.16	25
CACAAACGGAAACAATGCAATGG	2	0	40.0	83893	0	CHOP	-117.16	26
ACAACTCACATGCAAACCTG	2	0	45.0	-1	0	Custom	-130.16	27
GAACAACTCACATGCAAACC	2	0	45.0	-1	0	Custom	-130.16	28
AACCCCAGCACTTAAGCAAA	2	0	45.0	-1	1	Custom	-130.21	29
GAGTCTCCTTCTTTCTAACC	2	0	45.0	-1	1	Custom	-130.21	30
AGGACTAGAAGCAAAAGCGA	2	0	45.0	-1	1	Custom	-130.21	31
GAAAAAACCCTCATCCCATC	2	0	45.0	-1	1	Custom	-130.21	32
TTGCAAGAGAAACCATGCACTGG	0	0	45.0	106	1	CHOP	-130.262	33
AGAAACCATGCACTGGTGAATGG	0	0	45.0	113	1	CHOP	-130.276	34
AGTTGTACATGTGTAGCTGCTGG	0	0	45.0	145	1	CHOP	-130.34	35
GTTGTACATGTGTAGCTGCTGGG	0	0	45.0	146	1	CHOP	-130.342	36
ATTCCCGTTTGCTTAAGTGCTGG	0	0	45.0	90977	0	CHOP	-132.0	37
CTGCTATGTGTTCCTGTTTGGGG	0	0	45.0	83726	0	CHOP	-132.0	38
AAGAATGGCTTCAAGAGGCTCGG	0	0	45.0	84033	0	CHOP	-132.0	39
CCTGCTATGTGTTCCTGTTTGGG	0	0	45.0	83725	0	CHOP	-132.0	40
ACCTGCTATGTGTTCCTGTTTGG	0	0	45.0	83724	0	CHOP	-132.0	41
TTCCCGTTTGCTTAAGTGCTGGG	0	0	45.0	90978	0	CHOP	-132.0	42
CCACAGCTTTTTCTAAGCAGAGG	0	0	45.0	83867	1	CHOP	-132.05	43
TAGAGGAATTTGCCCCAAACAGG	2	0	45.0	83738	0	CHOP	-132.16	44
ACAGATGATGAACCAGACCACGG	2	0	45.0	84010	0	CHOP	-132.16	45
AACCCCAGCACTTAAGCAAACGG	2	0	45.0	90981	0	CHOP	-132.16	46
GAAAAAAGCATCCAATCCCGTGG	2	0	45.0	83813	1	CHOP	-132.21	47
TGCCAGATGAACTTCCCATTGGG	2	0	45.0	83938	1	CHOP	-132.21	48
TAATAATCACGAGAGCGCGC	2	0	50.0	-1	0	Custom	-145.16	49
AGAAAAACCTCCGAGAGTCG	2	0	50.0	-1	0	Custom	-145.16	50
CAACTCACATGCAAACCTGG	2	0	50.0	-1	0	Custom	-145.16	51
GACTAGAAGCAAAAGCGAGG	2	0	50.0	-1	1	Custom	-145.21	52
TCCTGACGTTCAAGTTCGCA	2	0	50.0	-1	1	Custom	-145.21	53
ACCCCAGCACTTAAGCAAAC	2	0	50.0	-1	1	Custom	-145.21	54
CAGGACTAGAAGCAAAAGCG	2	0	50.0	-1	1	Custom	-145.21	55
GGACTAGAAGCAAAAGCGAG	2	0	50.0	-1	1	Custom	-145.21	56
GTTGGTATCCCTTCAGGACTAGG	2	0	50.0	14	1	CHOP	-145.238	57
ACTTGAACTTGCAGCTCAGG	2	0	50.0	-1	2	Custom	-145.26	58
CACTTGAACTTGCAGCTCAG	2	0	50.0	-1	2	Custom	-145.26	59
GCACTTGAACTTGCAGCTCA	2	0	50.0	-1	2	Custom	-145.26	60
CAACACGCACAGAACACTCATGG	2	0	50.0	86	0	CHOP	-145.332	61
AACAGCCATTCACCAGTGCATGG	2	0	50.0	118	1	CHOP	-145.446	62
TCCCGTTTGCTTAAGTGCTGGGG	0	0	50.0	90979	0	CHOP	-147.0	63
ATCTCGATTGGTGAAGGGGAAGG	0	0	50.0	83836	0	CHOP	-147.0	64
GTGCCAGATGAACTTCCCATTGG	2	0	50.0	83939	0	CHOP	-147.16	65
ACCCCAGCACTTAAGCAAACGGG	2	0	50.0	90980	0	CHOP	-147.16	66
ATCATGACCTCCTCACCTGTGGG	2	0	50.0	83964	0	CHOP	-147.16	67
GCCAGATGAACTTCCCATTGGGG	2	0	50.0	83937	1	CHOP	-147.21	68
AAAAGCATCCAATCCCGTGGAGG	2	0	50.0	83810	2	CHOP	-147.26	69
AGCCCCTGATGTGTGTCCAT	2	0	55.0	-1	0	Custom	-160.16	70
CTCCTGACGTTCAAGTTCGC	2	0	55.0	-1	1	Custom	-160.21	71
CTTGAACTTGCAGCTCAGGG	2	0	55.0	-1	1	Custom	-160.21	72
CGCACTTGAACTTGCAGCTC	2	0	55.0	-1	2	Custom	-160.26	73
TCGATTGGTGAAGGGGAAGGTGG	0	0	55.0	83839	0	CHOP	-162.0	74
AGGAGGTCATGATCCCCTTCTGG	0	0	55.0	83974	0	CHOP	-162.0	75
CCCCCAATGGGAAGTTCATCTGG	0	0	55.0	83936	1	CHOP	-162.05	76
GATCATGACCTCCTCACCTGTGG	2	0	55.0	83965	0	CHOP	-162.16	77
CCTGAAGGGATACCAACCCGCGG	0	0	60.0	20	0	CHOP	-175.04	78
CTGAAGGGATACCAACCCGCGGG	0	0	60.0	21	0	CHOP	-175.042	79
TGAAGGGATACCAACCCGCGGGG	0	0	60.0	22	0	CHOP	-175.044	80
ACCATGTCTCGCCGCAAGCA	2	0	60.0	-1	0	Custom	-175.16	81
CAAAAGCGAGGGGGAGAGAG	2	0	60.0	-1	0	Custom	-175.16	82
GCAAAAGCGAGGGGGAGAGA	2	0	60.0	-1	0	Custom	-175.16	83
AGCAAAAGCGAGGGGGAGAG	2	0	60.0	-1	0	Custom	-175.16	84
CACTGGCCATTGGCTTGTCC	2	0	60.0	-1	1	Custom	-175.21	85
TCCCCTTCTGGAGCTCCCAACGG	0	0	60.0	83986	0	CHOP	-177.0	86
TGCTTGCGGCGAGACATGGTGGG	0	0	60.0	91009	0	CHOP	-177.0	87
TCAAGAGGCTCGGCTGTGGTTGG	0	0	60.0	84043	0	CHOP	-177.0	88
TTGCTTGCGGCGAGACATGGTGG	0	0	60.0	91008	0	CHOP	-177.0	89
ACCTGGATGCCAACCTCCACGGG	0	0	60.0	83797	1	CHOP	-177.05	90
GCTGGGGTTTGCCTTGCTTGCGG	0	0	60.0	90995	1	CHOP	-177.05	91
GTTCATCTGGCACTGCCCACAGG	0	0	60.0	83949	1	CHOP	-177.05	92
GACCTGGATGCCAACCTCCACGG	0	0	60.0	83796	1	CHOP	-177.05	93
GATGCCAACCTCCACGGGATTGG	0	0	60.0	83802	1	CHOP	-177.05	94
ACCATGTCTCGCCGCAAGCAAGG	2	0	60.0	91006	0	CHOP	-177.16	95
GCATCCAATCCCGTGGAGGTTGG	2	0	60.0	83806	3	CHOP	-177.31	96
GATACCAACCCGCGGGGTCAGGG	0	0	65.0	28	1	CHOP	-190.106	97
ATACCAACCCGCGGGGTCAGGGG	0	0	65.0	29	1	CHOP	-190.108	98
GGCTTCAAGAGGCTCGGCTGTGG	0	0	65.0	84039	0	CHOP	-192.0	99
CCCCTTCTGGAGCTCCCAACGGG	0	0	65.0	83987	0	CHOP	-192.0	100
TCTGGCACTGCCCACAGGTGAGG	0	0	65.0	83954	1	CHOP	-192.05	101
GCCTTGCTTGCGGCGAGACATGG	0	0	65.0	91005	1	CHOP	-192.05	102
CGTCATCCTCTGGCGTGACCTGG	0	0	65.0	83780	1	CHOP	-192.05	103
GCCCGTTGGGAGCTCCAGAAGGG	2	0	65.0	83988	0	CHOP	-192.16	104
TGGCATCCAGGTCACGCCAGAGG	2	0	65.0	83786	0	CHOP	-192.16	105
TGAACCAGACCACGGCCCGTTGG	2	0	65.0	84002	1	CHOP	-192.21	106
TCCCGTGGAGGTTGGCATCCAGG	2	0	65.0	83798	1	CHOP	-192.21	107
GAACCAGACCACGGCCCGTTGGG	2	0	65.0	84001	1	CHOP	-192.21	108
GGATACCAACCCGCGGGGTCAGG	0	0	70.0	27	1	CHOP	-205.104	109
ACGGAAGTCCCCTGACCCCGCGG	2	0	70.0	37	2	CHOP	-205.334	110
CGGCGAGACATGGTGGGCTGCGG	0	0	70.0	91015	0	CHOP	-207.0	111
AGACATGGTGGGCTGCGGGGCGG	0	0	70.0	91020	0	CHOP	-207.0	112
GCGAGACATGGTGGGCTGCGGGG	0	0	70.0	91017	0	CHOP	-207.0	113
GGCGAGACATGGTGGGCTGCGGG	0	0	70.0	91016	0	CHOP	-207.0	114
GGCACTGCCCACAGGTGAGGAGG	0	0	70.0	83957	1	CHOP	-207.05	115
GGCCCGTTGGGAGCTCCAGAAGG	2	0	70.0	83989	0	CHOP	-207.16	116
TGCGGCCACTGGTGAGCCCG	2	0	75.0	-1	0	Custom	-220.16	117
CCCCTCCCCGCACTGGCCAT	2	0	75.0	-1	1	Custom	-220.21	118
AGTCCCCTGACCCCGCGGGTTGG	2	0	75.0	32	1	CHOP	-220.274	119
CGGAAGTCCCCTGACCCCGCGGG	2	0	75.0	36	2	CHOP	-220.332	120
GACATGGTGGGCTGCGGGGCGGG	0	0	75.0	91021	0	CHOP	-222.0	121
CTGGAGCTCCCAACGGGCCGTGG	0	0	75.0	83993	1	CHOP	-222.05	122
GCTCCCAACGGGCCGTGGTCTGG	0	0	75.0	83998	1	CHOP	-222.05	123
GCACCTCCCCCTCCCCGCAC	2	0	80.0	-1	6	Custom	-235.46	124
ATGGTGGGCTGCGGGGCGGGCGG	0	0	80.0	91024	0	CHOP	-237.0	125
CACCGCCGCGGCGCTCGCTG	2	0	85.0	-1	1	Custom	-250.21	126
GGGGCCGCGTCTGGCGTCCG	2	0	85.0	-1	2	Custom	-250.26	127
GCGGCGCTCGCTGCGGCCAC	2	0	85.0	-1	3	Custom	-250.31	128
TCCCGGCCACGCCACCGCCG	2	0	85.0	-1	3	Custom	-250.31	129
GCCCCAGCGCCCCCTCCCCT	2	0	85.0	-1	5	Custom	-250.41	130
CCTCCCCCGGGGGCCGCGTC	2	0	90.0	-1	0	Custom	-265.16	131
TCGGCCCGCCCCTCCCCCGG	2	0	90.0	-1	3	Custom	-265.31	132
CTCGGCCCGCCCCTCCCCCG	2	0	90.0	-1	3	Custom	-265.31	133
CCTCGGCCCGCCCCTCCCCC	4	0	90.0	-1	3	Custom	-265.47	134
CCCTCGGCCCGCCCCTCCCC	4	0	90.0	-1	4	Custom	-265.52	135
