guide	total_hits	off_target_hits	GC_content_percent	pam_distance_from_BCL11A_start	self_complementarity_score
TCCCGGCCACGCCACCGCCG	2	0	85.00	-1	3
CACCGCCGCGGCGCTCGCTG	2	0	85.00	-1	1
GCGGCGCTCGCTGCGGCCAC	2	0	85.00	-1	3
TGCGGCCACTGGTGAGCCCG	2	0	75.00	-1	0
GCCCCAGCGCCCCCTCCCCT	2	0	85.00	-1	5
CCCTCGGCCCGCCCCTCCCC	4	0	90.00	-1	4
CCTCGGCCCGCCCCTCCCCC	4	0	90.00	-1	3
CTCGGCCCGCCCCTCCCCCG	2	0	90.00	-1	3
TCGGCCCGCCCCTCCCCCGG	2	0	90.00	-1	3
CCTCCCCCGGGGGCCGCGTC	2	0	90.00	-1	0
GGGGCCGCGTCTGGCGTCCG	2	0	85.00	-1	2
GCACCTCCCCCTCCCCGCAC	2	0	80.00	-1	6
CCCCTCCCCGCACTGGCCAT	2	0	75.00	-1	1
CACTGGCCATTGGCTTGTCC	2	0	60.00	-1	1
AGCCCCTGATGTGTGTCCAT	2	0	55.00	-1	0
CTCCTGACGTTCAAGTTCGC	2	0	55.00	-1	1
TCCTGACGTTCAAGTTCGCA	2	0	50.00	-1	1
CGCACTTGAACTTGCAGCTC	2	0	55.00	-1	2
GCACTTGAACTTGCAGCTCA	2	0	50.00	-1	2
CACTTGAACTTGCAGCTCAG	2	0	50.00	-1	2
ACTTGAACTTGCAGCTCAGG	2	0	50.00	-1	2
CTTGAACTTGCAGCTCAGGG	2	0	55.00	-1	1
TGCTTAAAAAAAAGCCATGA	2	0	30.00	-1	1
GTATTATTTCTAATTTATTT	2	0	10.00	-1	5
AATTTATTTTGGATGTCAAA	2	0	20.00	-1	1
ACTGATGAAGATATTTTCTC	2	0	30.00	-1	0
GAGTCTCCTTCTTTCTAACC	2	0	45.00	-1	1
ACCATGTCTCGCCGCAAGCA	2	0	60.00	-1	0
AACCCCAGCACTTAAGCAAA	2	0	45.00	-1	1
ACCCCAGCACTTAAGCAAAC	2	0	50.00	-1	1
TAATAATCACGAGAGCGCGC	2	0	50.00	-1	0
CAGGACTAGAAGCAAAAGCG	2	0	50.00	-1	1
AGGACTAGAAGCAAAAGCGA	2	0	45.00	-1	1
GGACTAGAAGCAAAAGCGAG	2	0	50.00	-1	1
GACTAGAAGCAAAAGCGAGG	2	0	50.00	-1	1
AGCAAAAGCGAGGGGGAGAG	2	0	60.00	-1	0
GCAAAAGCGAGGGGGAGAGA	2	0	60.00	-1	0
CAAAAGCGAGGGGGAGAGAG	2	0	60.00	-1	0
AGAAAAACCTCCGAGAGTCG	2	0	50.00	-1	0
AGTCGAGGTAAAAGAGATAA	2	0	35.00	-1	0
GTCGAGGTAAAAGAGATAAA	2	0	35.00	-1	1
TCGAGGTAAAAGAGATAAAG	2	0	35.00	-1	2
CGAGGTAAAAGAGATAAAGG	2	0	40.00	-1	2
GAAAAAACCCTCATCCCATC	2	0	45.00	-1	1
CTTTATTTCTCTTTTCGAAA	2	0	25.00	-1	2
CAAAATAATGAACAATGCTA	2	0	25.00	-1	1
GAACAACTCACATGCAAACC	2	0	45.00	-1	0
AACAACTCACATGCAAACCT	2	0	40.00	-1	0
ACAACTCACATGCAAACCTG	2	0	45.00	-1	0
CAACTCACATGCAAACCTGG	2	0	50.00	-1	0
